alpha,beta,gamma,mAP@20,NDCG@20
1,1,0.5,0.581345366454525,0.7113234627453381
0.5,0.5,0.5,0.581345366454525,0.7113234627453381
1,0.5,0,0.5743746264494768,0.7049559375618498