alpha,beta,gamma,mAP@20,NDCG@20
1,1,0.5,0.7197260537545623,0.9070121392734898
0.5,0.5,0.5,0.7592545732614908,0.9187818213668147
1,0.5,0,0.705369661914789,0.8946839068877904